artist_name,total_plays,total_minutes,skip_rate,loyalty_score
(((()))),30,20.439883333333334,0.26666666666666666,22.0
10CM,2,6.719833333333334,0.0,2.0
24kGoldn,101,206.0301,0.0891089108910891,92.0
5 Seconds of Summer,100,273.01918333333333,0.21,79.0
6LACK,2,4.452449999999999,0.5,1.0
6arelyhuman,1,0.5400666666666667,1.0,0.0
6ix9ine,5,1.1879166666666665,1.0,0.0
@fallacy,2,3.9588166666666664,0.5,1.0
A.R. Rahman,673,1610.3081,0.5200594353640416,323.0
AA Records,3,7.226016666666666,0.3333333333333333,2.0
ADK,1,0.35225,1.0,0.0
AKMU,1,0.2361333333333333,1.0,0.0
AMARIA BB,22,44.34681666666667,0.3181818181818182,15.000000000000002
AP Dhillon,7,7.755933333333333,0.42857142857142855,4.0
ATEEZ,476,1059.1336,0.34243697478991597,313.0
ATLXS,15,28.926016666666666,0.06666666666666667,14.0
AUR,40,76.64256666666667,0.625,15.0
AURORA,29,69.2707,0.41379310344827586,17.0
AViVA,85,207.26125,0.25882352941176473,63.0
Aalaap Raju,76,298.5170333333333,0.34210526315789475,50.0
Aanchal Tyagi,28,53.84231666666667,0.4642857142857143,15.0
Aashir Wajahat,28,66.0943,0.10714285714285714,25.0
Aastha Gill,35,57.666199999999996,0.6285714285714286,13.0
Abe Parker,1,2.8664,0.0,1.0
Abeer Arora,1,1.5821333333333334,0.0,1.0
Achu,30,94.33786666666667,0.3,21.0
Adele,3,1.9923666666666666,0.6666666666666666,1.0
Aditi Paul,34,78.67646666666667,0.6470588235294118,11.999999999999998
Aditya Rikhari,56,63.59996666666666,0.21428571428571427,44.0
Adnan Sami,34,121.56203333333333,0.35294117647058826,21.999999999999996
Advait,40,83.27658333333333,0.25,30.0
Aether,2,4.5886,0.0,2.0
Ahbar Muzani,1,1.8272,0.0,1.0
Ajay-Atul,29,72.61765,0.5862068965517241,12.000000000000002
Aji Studio,2,1.0962833333333335,0.0,2.0
Akash pal,1,0.3615833333333333,1.0,0.0
Akhil,1,3.7083333333333335,0.0,1.0
Akon,48,87.37451666666666,0.625,18.0
Akshath,1,2.85105,0.0,1.0
Akull,4,12.00715,0.0,4.0
Alaina Castillo,31,74.8755,0.41935483870967744,17.999999999999996
Alan Walker,26,37.38506666666667,0.5769230769230769,11.000000000000002
Alec Benjamin,246,601.2952666666666,0.25203252032520324,184.00000000000003
Alessia Cara,20,25.836116666666666,0.4,12.0
Alex & Sierra,26,34.439033333333334,0.38461538461538464,16.0
Alex Lustig,8,9.801666666666668,0.5,4.0
Alex Warren,2,2.786783333333333,0.5,1.0
Alina Baraz,1,3.6648,0.0,1.0
Alka Yagnik,3,4.195666666666666,0.6666666666666666,1.0
Alonzo,4,7.954466666666666,0.75,1.0
Alphonse,2,5.915783333333334,1.0,0.0
Amit Sharma,1,0.1707666666666666,1.0,0.0
Amit Trivedi,160,395.5484333333333,0.48125,83.0
Ana Rehman,4,5.49395,1.0,0.0
Anand Kashinath,65,170.08373333333333,0.27692307692307694,47.0
Andrea Jeremiah,1,0.0222166666666666,1.0,0.0
"Andrea, Kalyan",18,38.42041666666666,0.6666666666666666,6.000000000000001
Anirudh Ravichander,931,2369.8767,0.4113856068743287,548.0
"Anirudh Ravichander,Dhanush",1,2.39235,1.0,0.0
Ankit Tiwari,2,9.62255,0.5,1.0
Anna Marx,1,0.0596666666666666,1.0,0.0
Anne-Marie,78,160.25965,0.32051282051282054,53.0
Anudeep Dev,15,47.58723333333333,0.2,12.0
Anuj Gurwara,2,0.8613000000000001,1.0,0.0
Anurag Kulkarni,102,252.95746666666665,0.4411764705882353,57.0
Anurag Mishra,6,0.9079166666666665,1.0,0.0
Anurag Saikia,1,2.89275,1.0,0.0
Anuv Jain,3,0.9541166666666667,1.0,0.0
Arcade Player,4,0.7147499999999999,1.0,0.0
Arcade Wrld,9,13.567983333333332,0.3333333333333333,6.000000000000001
Arctic Monkeys,269,631.2728166666666,0.2936802973977695,190.00000000000003
Ari Abdul,64,161.66065,0.21875,50.0
Ariana Grande,48,108.60395,0.2916666666666667,34.0
Arijit Singh,118,316.97998333333334,0.4661016949152542,63.0
Arivu,1,0.6291666666666667,1.0,0.0
Arizona Zervas,22,37.80665,0.5454545454545454,10.0
Arjun Janya,1,1.8895,1.0,0.0
Arjun Kanungo,2,2.76185,0.0,2.0
Armaan Malik,54,101.99566666666666,0.5,27.0
Armonian,1,7.309633333333333,1.0,0.0
Artemas,11,9.310366666666667,0.6363636363636364,4.0
Asal Kolaar,43,93.70278333333333,0.20930232558139536,34.0
Ash King,3,7.626583333333333,0.3333333333333333,2.0
Asha Bhosle,18,21.562283333333333,0.9444444444444444,1.0000000000000004
Ashe,6,2.5209999999999995,1.0,0.0
Ashlynn Malia,1,1.0410833333333334,0.0,1.0
Ashnikko,37,65.6494,0.5135135135135135,18.0
Ashwin Adwani,1,0.1308333333333333,1.0,0.0
Astrid S,80,227.42968333333334,0.1875,65.0
Atif Aslam,8,21.118566666666666,0.25,6.0
Atis Freivalds,4,4.874266666666666,0.5,2.0
Au/Ra,2,4.386783333333333,0.5,1.0
August Alsina,67,238.60956666666664,0.1791044776119403,55.0
Augustana,1,2.4736666666666665,0.0,1.0
Azooz,27,30.6766,0.5925925925925926,11.0
B.I,30,71.9498,0.5,15.0
BANKS,1,1.11265,1.0,0.0
BIBI,1,2.75225,1.0,0.0
BLACKPINK,128,210.27411666666666,0.5234375,61.0
BTS,1948,4803.6162,0.3157084188911704,1333.0
BURY,4,5.24335,0.5,2.0
Baby Tate,33,48.73811666666666,0.24242424242424243,25.0
Backstreet Boys,12,5.698049999999999,0.8333333333333334,1.9999999999999996
Badshah,194,419.9504,0.27835051546391754,140.0
Bayaan,8,15.780899999999999,0.375,5.0
Bea Miller,12,10.225466666666666,0.75,3.0
Bebe Rexha,40,77.21943333333333,0.4,24.0
Becky G,43,104.57375,0.3023255813953488,30.0
Before You Exit,1,3.1486666666666667,0.0,1.0
Bellie Raj,1,3.652933333333333,1.0,0.0
Beneld,5,6.81225,0.6,2.0
Benny Dayal,36,90.76378333333332,0.4722222222222222,19.0
Besomorph,1,0.6324833333333333,0.0,1.0
Bheems Ceciroleo,2,3.68725,1.0,0.0
Big Sean,1,5.332883333333333,0.0,1.0
Billie Eilish,165,323.77543333333335,0.3696969696969697,104.00000000000001
Black Eyed Peas,6,18.209616666666665,0.8333333333333334,0.9999999999999998
Black Math,2,3.318033333333333,0.5,1.0
Block B,1,0.5365833333333333,0.0,1.0
Blu Cantrell,21,66.28965,0.2857142857142857,15.0
Bobby Caldwell,1,1.5290833333333331,0.0,1.0
Bobby Sessions,1,0.3053333333333333,1.0,0.0
Bobo Shashi,28,34.018,0.6428571428571429,9.999999999999998
Bombay Jayashri,3,3.7639499999999995,0.6666666666666666,1.0
Bora Media,1,3.53785,0.0,1.0
Brandon Beal,4,6.982966666666667,0.5,2.0
Brent Faiyaz,3,2.9373,0.6666666666666666,1.0
Bri Tolani,25,54.285266666666665,0.44,14.000000000000002
Brian Crawford,2,0.1530166666666666,1.0,0.0
Brielle Von Hugel,2,4.656533333333334,0.0,2.0
Britney Spears,15,37.95768333333333,0.3333333333333333,10.000000000000002
Brodha V,10,27.507366666666666,0.4,6.0
Bruno Major,4,7.830416666666666,0.5,2.0
Bruno Mars,1,0.3106666666666666,1.0,0.0
Bryson Tiller,1,3.2435666666666667,0.0,1.0
CARYS,51,148.45043333333334,0.13725490196078433,44.0
CG5,1,2.3011666666666666,0.0,1.0
CHANYEOL,63,163.64658333333333,0.1746031746031746,52.0
CHUNG HA,1,0.0833333333333333,1.0,0.0
CKay,55,124.69898333333333,0.2727272727272727,40.0
CORSAK,1,0.1982166666666666,1.0,0.0
Caleb Belkin,1,2.328183333333333,0.0,1.0
Calma Interiore,2,2.8619833333333333,0.5,1.0
Calvin Harris,10,24.747516666666666,0.5,5.0
Camila Cabello,98,242.76899999999998,0.23469387755102042,75.0
Cannons,66,184.25183333333334,0.2727272727272727,48.0
Cardi B,96,220.8663,0.3333333333333333,64.0
Carla Wehbe,1,1.0076333333333334,0.0,1.0
Casey Edwards,4,9.260466666666666,0.75,1.0
Chaitra Ambadipudi,53,154.45505,0.18867924528301888,43.0
Charlie Puth,86,219.4342,0.26744186046511625,63.0
Chase Atlantic,460,1260.2023833333333,0.2565217391304348,341.99999999999994
Chavela,1,0.4192166666666667,1.0,0.0
Chillbo Baggins,3,5.239033333333333,0.3333333333333333,2.0
Chilled Cat,11,23.164283333333334,0.09090909090909091,10.0
Chinmayi,51,85.1242,0.5686274509803921,22.0
Chinna Ponnu,45,55.81701666666666,0.8,8.999999999999998
Chiranjeevi,7,5.204,0.7142857142857143,2.0
Chris Brown,184,461.4266333333333,0.1956521739130435,148.0
Chris Yones,5,10.645766666666667,0.4,3.0
Clairo,1,3.1397666666666666,0.0,1.0
Clinton Cerejo,16,57.78015,0.25,12.0
Clyde Boudreaux,1,0.0398666666666666,1.0,0.0
Coffv,2,2.2002333333333333,0.0,2.0
Coi Leray,2,4.652,0.5,1.0
Coldplay,2,8.185883333333333,0.5,1.0
Composition Based on a Dagarvani Tradition Dhrupad,33,21.34818333333333,0.9696969696969697,0.9999999999999991
Conan Gray,26,48.90775,0.4230769230769231,14.999999999999998
Confetti,2,3.4122333333333335,0.0,2.0
Cosmic Boy,1,2.223333333333333,1.0,0.0
Cozy Home,4,9.039533333333335,0.0,4.0
Craig David,2,3.4267166666666666,0.5,1.0
Crush,2,4.418833333333334,0.5,1.0
Culture Code,1,2.3897166666666667,1.0,0.0
D'african,4,4.649733333333334,0.5,2.0
D. Imman,1,1.6206666666666667,1.0,0.0
DHARIA,45,88.25998333333334,0.37777777777777777,28.0
DJ Fronteo,16,39.692366666666665,0.3125,11.0
DJ Gowtham,15,16.2322,0.3333333333333333,10.000000000000002
DJ ROOTS,69,198.13578333333334,0.2028985507246377,55.0
DNCE,26,56.78343333333333,0.34615384615384615,17.0
DPR LIVE,45,120.14223333333332,0.13333333333333333,39.0
Daddy Yankee,2,3.21,1.0,0.0
Daler Mehndi,2,6.150883333333333,0.5,1.0
Dan + Shay,1,0.03555,1.0,0.0
DaniLeigh,1,1.0027,1.0,0.0
Darci,53,138.36634999999998,0.09433962264150944,48.0
Darshan Raval,3,0.7113666666666666,1.0,0.0
David Guetta,1,1.1043166666666666,1.0,0.0
David Kushner,2,5.284433333333333,1.0,0.0
David Simon,20,70.8878,0.15,17.0
Dayglow,74,200.69981666666666,0.44594594594594594,41.0
De La Kash,1,3.72595,0.0,1.0
Dear Gravity,2,4.721616666666666,0.0,2.0
Deepak Blue,1,3.02475,1.0,0.0
Deepanshu Ruhela,1,0.7961666666666667,1.0,0.0
Deepu,1,3.865083333333333,1.0,0.0
Demi Lovato,22,54.19198333333333,0.2727272727272727,16.0
Demtyne,2,0.3901166666666666,1.0,0.0
Desiigner,1,0.0757833333333333,1.0,0.0
Devi Sri Prasad,109,268.46625,0.4954128440366973,55.0
Dhanunjay Seepana,85,201.3701333333333,0.4823529411764706,43.99999999999999
Dhanush,214,670.7058,0.397196261682243,129.0
Dharmik,14,22.630733333333332,0.6428571428571429,4.999999999999999
Dhee,137,401.4036,0.31386861313868614,94.0
Dhibu Ninan Thomas,113,381.5567833333333,0.34513274336283184,74.0
Dhinesh Kanagara Thinam,40,122.24726666666666,0.375,25.0
Dhrriti Saharan,52,118.9441,0.5192307692307693,24.999999999999996
Dhruv,90,201.60948333333332,0.2,72.0
Dhruv Vikram,1,3.251916666666667,0.0,1.0
Dhvani Bhanushali,34,67.29983333333332,0.4117647058823529,20.0
Dikshant,29,31.810066666666668,0.6896551724137931,8.999999999999998
Diljit Dosanjh,69,186.916,0.15942028985507245,58.0
Dinesh Kanagaratnam,6,20.035283333333332,0.16666666666666666,5.0
Dino James,53,110.95816666666666,0.5094339622641509,26.0
Divya Kumar,52,157.54783333333333,0.15384615384615385,44.0
Doja Cat,506,1230.5501,0.2865612648221344,361.0
Don Williams,1,0.02825,1.0,0.0
DooPiano,1,0.6268666666666667,0.0,1.0
Dos Brains,11,24.073383333333332,0.45454545454545453,6.0
Dove Cameron,56,116.08603333333332,0.17857142857142858,46.0
Dr Zeus,1,0.2798166666666666,1.0,0.0
Drake,1,1.22045,1.0,0.0
Dream Note,2,1.0195333333333334,0.5,1.0
Dreamcatcher,7,9.834999999999999,0.2857142857142857,5.0
Drift Crew,1,2.1256166666666667,0.0,1.0
Dua Lipa,27,50.361466666666665,0.5185185185185185,13.0
Duncan Laurence,58,85.80471666666666,0.4482758620689655,32.0
Dynamicduo,17,29.673183333333334,0.8823529411764706,2.0000000000000004
ECÂF,2,6.631033333333333,0.0,2.0
ENHYPEN,192,396.2243833333333,0.296875,135.0
EXO,36,102.63145,0.2222222222222222,28.0
Ed Sheeran,76,219.27096666666665,0.21052631578947367,60.0
Edison Lighthouse,7,1.0448166666666665,1.0,0.0
Edward Maya,15,28.90276666666667,0.6666666666666666,5.000000000000001
Efisio Cross,2,9.408333333333333,0.0,2.0
Electric Rivers,1,0.4376666666666666,1.0,0.0
Elijah Who,2,0.2886666666666666,1.0,0.0
Elley Duhé,44,85.91811666666666,0.3181818181818182,30.000000000000004
Ellie Goulding,56,127.43945,0.26785714285714285,41.0
Elsei,1,2.4,0.0,1.0
Elvis Drew,48,95.52296666666668,0.2916666666666667,34.0
ElyOtto,26,24.3276,0.34615384615384615,17.0
Ember Island,39,111.3245,0.28205128205128205,28.0
Emilio Varela,1,1.9607166666666669,0.0,1.0
Eminem,11,45.58795,0.2727272727272727,8.0
Emma Heesters,29,18.590066666666665,0.6896551724137931,8.999999999999998
Erika Lundmoen,25,56.017849999999996,0.52,12.0
Evanly,1,0.57685,0.0,1.0
Ex Habit,27,38.34148333333333,0.6666666666666666,9.000000000000002
Eyedress,1,0.6374666666666666,1.0,0.0
Ezu,1,1.522333333333333,1.0,0.0
Fannie Shelton,4,4.4254,0.75,1.0
Farhan Akhtar,10,22.763466666666666,0.7,3.0000000000000004
FiolTune,1,1.4465,0.0,1.0
Flo Milli,14,19.786033333333332,0.5714285714285714,6.0
Flo Rida,1,0.28445,1.0,0.0
Flughand,1,1.5605833333333334,0.0,1.0
Fly By Nightcore,1,2.7554666666666665,0.0,1.0
Fly Project,37,88.74848333333333,0.16216216216216217,31.0
Francois Castelleno,1,4.5411166666666665,0.0,1.0
Frankie Valli,1,0.6269333333333333,1.0,0.0
Fraxo,7,0.4319999999999997,1.0,0.0
Freddie Dredd,13,18.10086666666667,0.6153846153846154,5.0
Fujii Kaze,28,43.82128333333333,0.6428571428571429,9.999999999999998
Future,12,40.30093333333333,0.08333333333333333,11.0
G-Eazy,224,807.0202999999999,0.17410714285714285,185.0
G. V. Prakash,134,396.30171666666666,0.3208955223880597,91.00000000000001
GAYLE,1,2.979783333333333,0.0,1.0
GENDELL,1,0.1938333333333333,1.0,0.0
GIVĒON,5,6.1270999999999995,0.8,0.9999999999999998
Gajendra Verma,5,12.481283333333334,0.2,4.0
GameboyJones,1,0.1956333333333333,1.0,0.0
Geetha Madhuri,2,4.021566666666667,1.0,0.0
Gentle Bones,1,2.51735,0.0,1.0
George Benson,1,0.5246166666666666,1.0,0.0
Ghibran,1,2.8821666666666665,1.0,0.0
Giveon,19,25.472966666666665,0.5789473684210527,8.0
Glass Animals,51,128.3355,0.45098039215686275,28.000000000000004
Good Knight Productions,1,0.0572666666666666,1.0,0.0
Govind Vasantha,5,2.450683333333333,1.0,0.0
Gowtham Bharadwaj,1,0.0387166666666666,1.0,0.0
Gowthami,1,0.1598333333333333,1.0,0.0
Gubbi,42,109.22515,0.14285714285714285,36.0
Gurinder Seagal,68,255.35766666666666,0.38235294117647056,42.0
Guru Randhawa,55,91.71518333333333,0.6181818181818182,21.0
Gwen Stefani,8,19.002916666666668,0.5,4.0
HAVEN,1,0.0922333333333333,1.0,0.0
HOYO-MiX,2,1.9442500000000003,0.5,1.0
HRVY,1,2.83145,0.0,1.0
HYO,1,0.0291,1.0,0.0
Haaf,1,2.069716666666667,0.0,1.0
Halocene,1,1.9558833333333332,0.0,1.0
Halsey,659,1788.36025,0.19119878603945373,533.0
Haricharan,79,214.3685833333333,0.569620253164557,34.0
"Haricharan, Sujatha",1,0.78095,1.0,0.0
Hariharan,144,337.29096666666663,0.7222222222222222,40.0
Harini,15,55.544283333333325,0.2,12.0
Harish Raghavendra,13,23.541866666666667,0.7692307692307693,2.9999999999999996
Harrdy Sandhu,3,3.2640499999999997,0.6666666666666666,1.0
Harris Jayaraj,191,384.26341666666667,0.7015706806282722,57.00000000000001
Harry Styles,103,215.1209333333333,0.23300970873786409,79.0
Harshika Gudi,2,6.048566666666666,0.0,2.0
"Harshika Gudi, Anudeep Dev",2,8.771933333333333,0.0,2.0
Hasan Raheem,131,320.7604666666667,0.3969465648854962,79.0
Hassan Ali Hashmi,63,66.4819,0.30158730158730157,44.0
Hemachandra Vedala,77,261.0367,0.5064935064935064,38.00000000000001
Henry Moodie,2,0.3100666666666666,1.0,0.0
Hesham Abdul Wahab,52,91.9549,0.6153846153846154,20.0
Hiko,1,0.6416,1.0,0.0
Hiphop Tamizha,2,0.45740000000000003,1.0,0.0
Hippie Sabotage,34,62.53113333333334,0.17647058823529413,28.0
Hobismorning,1,4.1208,0.0,1.0
Hotel Ugly,19,34.4376,0.2631578947368421,14.000000000000002
Hozier,5,19.15748333333333,0.2,4.0
IC3PEAK,1,2.755516666666667,0.0,1.0
INDRAGERSN,16,15.109166666666667,0.5,8.0
ISKCON Bangalore,13,38.39118333333334,0.6923076923076923,4.0
IU,1,2.792883333333333,0.0,1.0
Idealism,2,4.871049999999999,0.0,2.0
Iggy Azalea,1,0.25165,1.0,0.0
Ike Dweck,1,3.858233333333333,0.0,1.0
Ikka,14,54.68266666666667,0.35714285714285715,9.0
Ilaiyaraaja,1,0.378,1.0,0.0
Imagine Dragons,96,189.96545,0.3645833333333333,61.00000000000001
Indu Nagaraj,2,0.1457333333333333,1.0,0.0
"Indu Nagaraj, Manchu Manoj Kumar",12,5.452283333333333,1.0,0.0
Inno Genga,1,0.8424666666666667,1.0,0.0
Isabel LaRosa,75,134.20481666666666,0.18666666666666668,61.0
Itsjust_razz,63,151.77733333333333,0.30158730158730157,44.0
Iyaz,68,150.3695,0.2647058823529412,50.0
JAY B,1,0.968,1.0,0.0
JENNIE,12,26.891016666666665,0.25,9.0
Jace June,1,3.0177,0.0,1.0
Jaden,3,6.435933333333333,0.6666666666666666,1.0
Jai Waetford,131,349.39669999999995,0.09923664122137404,118.0
Jake Coco,12,5.6659500000000005,0.9166666666666666,1.0000000000000004
Jakon Vedal,6,15.34765,0.3333333333333333,4.0
JalRaj,1,0.418,1.0,0.0
James Arthur,5,3.718116666666666,0.8,0.9999999999999998
Jasleen Aulakh,1,0.1565833333333333,1.0,0.0
Jasleen Royal,189,448.4916,0.42857142857142855,108.0
Jaspreet Jasz,2,1.6254166666666667,1.0,0.0
"Jaspreet Jasz, Suchitra",1,0.2964666666666666,1.0,0.0
Jassie Gift,1,4.211233333333333,0.0,1.0
Javed Ali,63,172.37825,0.3968253968253968,38.00000000000001
Jawad Ahmad,5,6.41445,0.2,4.0
Jawed Gill,9,29.89678333333333,0.3333333333333333,6.000000000000001
Jawsh 685,37,85.45341666666667,0.21621621621621623,29.0
Jay Kava,1,0.4776,1.0,0.0
Jay Park,1,3.416516666666667,1.0,0.0
Jaymes Young,41,125.2645,0.21951219512195122,32.0
Jeans Srinivas,1,0.5943166666666667,1.0,0.0
Jeet Gannguli,1,2.3602666666666665,1.0,0.0
Jeremih,1,0.3048833333333333,1.0,0.0
Jeremy Zucker,10,13.509716666666666,0.6,4.0
Jessi,52,107.37113333333333,0.17307692307692307,43.0
Jessi Gift,1,0.6093333333333333,1.0,0.0
Jevin Gill,2,3.0493666666666663,0.5,1.0
John Legend,1,3.36325,1.0,0.0
Jokhay,38,59.052166666666665,0.8157894736842105,7.000000000000001
Jonas Blue,2,1.3166666666666667,0.5,1.0
Joongle,1,0.118,1.0,0.0
Jordan Adetunji,16,22.7886,0.375,10.0
Joseph Vincent,20,11.757983333333334,0.75,5.0
Journey,2,1.9707166666666667,0.5,1.0
Jr. NTR,29,58.47853333333333,0.6206896551724138,11.0
Jubin Nautiyal,32,55.852983333333334,0.65625,11.0
Juice WRLD,1,0.0560666666666666,1.0,0.0
Julia Michaels,81,232.02609999999999,0.08641975308641975,74.0
Jung Joon Young,18,17.697133333333333,0.7222222222222222,5.0
Jung Kook,132,268.2788,0.3939393939393939,80.0
Justin Bieber,2,5.0064,0.0,2.0
Justin Prabhakaran,1,0.0246,1.0,0.0
Justin Timberlake,17,50.25678333333333,0.4117647058823529,10.0
Justine Skye,244,854.8847666666667,0.20901639344262296,192.99999999999997
K'NAAN,1,1.448783333333333,1.0,0.0
K. S. Chithra,1,0.0805333333333333,1.0,0.0
K.Flay,159,479.6736833333333,0.12578616352201258,139.0
KAI,4,9.64075,0.5,2.0
KK,27,48.016783333333336,0.6666666666666666,9.000000000000002
KR$NA,1,0.67575,1.0,0.0
KSI,89,137.6494,0.5168539325842697,42.99999999999999
KSW,2,5.957416666666667,0.5,1.0
Kaash Paige,1,0.0633333333333333,1.0,0.0
Kailash Kher,7,35.0454,0.0,7.0
Kaiser Hulenstadt,1,0.0364,1.0,0.0
Kala Bhairava,3,3.141383333333333,0.6666666666666666,1.0
Kaliii,13,30.127266666666664,0.07692307692307693,12.0
Kalyani Malik,1,0.2333166666666666,1.0,0.0
Kalyani Menon,2,0.1301666666666666,1.0,0.0
Kalyanji-Anandji,1,5.333333333333333,0.0,1.0
Kanbina Mind,1,1.7529666666666666,0.0,1.0
Kanishk Seth,6,10.689616666666666,0.5,3.0
Kanye West,41,78.70303333333334,0.7560975609756098,10.0
Karan Verma,1,1.2014833333333332,1.0,0.0
Karthik,99,322.85428333333334,0.494949494949495,49.99999999999999
Karunya,2,3.585983333333333,1.0,0.0
Katie,3,4.289516666666667,0.6666666666666666,1.0
Katy Perry,125,350.64141666666666,0.232,96.0
Kehlani,2,0.6291333333333333,0.5,1.0
Kendrick Lamar,17,40.033,0.5882352941176471,7.0
Kenya Grace,14,24.770699999999998,0.35714285714285715,9.0
Khlaws,24,31.930183333333332,0.2916666666666667,17.0
Khushboo Raaj,1,1.0677333333333334,1.0,0.0
King,2,4.629566666666666,0.5,1.0
Kishore Kumar,9,24.42663333333333,0.6666666666666666,3.0000000000000004
Knowmadic,1,1.7584,0.0,1.0
Kudasaibeats,1,3.25,0.0,1.0
Kumar Sanu,2,5.254316666666667,0.5,1.0
Kuoga.,2,3.6058,0.0,2.0
Kushagra,1,0.4187333333333333,1.0,0.0
KÖWE,5,7.056516666666667,0.4,3.0
L. V. Revanth,96,294.33520000000004,0.3854166666666667,58.99999999999999
LE SSERAFIM,60,140.27859999999998,0.26666666666666666,44.0
LEAV/E/ARTH,2,8.3818,0.0,2.0
LOEF,3,4.9830000000000005,0.3333333333333333,2.0
LOONA,1,0.535,0.0,1.0
LUCY,3,3.094033333333333,0.6666666666666666,1.0
Labrinth,164,250.57881666666668,0.18292682926829268,134.0
Lady Gaga,17,27.57483333333333,0.7058823529411765,4.999999999999999
Lana Del Rey,346,910.5834166666667,0.45375722543352603,189.0
Lasse Lindh,2,2.0603,0.5,1.0
Lata Mangeshkar,1,3.816,0.0,1.0
Laura Shigihara,20,15.345283333333333,0.7,6.000000000000001
Lauv,108,294.9952666666666,0.05555555555555555,102.0
Layto,1,0.0860833333333333,1.0,0.0
League of Legends,1,0.4937166666666667,1.0,0.0
Leo Lind,1,0.5868333333333333,0.0,1.0
Leon D'souza,2,4.665,0.5,1.0
Leon James,4,5.907733333333333,0.75,1.0
Lewis Capaldi,18,9.063233333333333,0.7222222222222222,5.0
Liam Payne,1,1.40925,1.0,0.0
Lijo George,2,1.7050999999999998,0.0,2.0
Lil Nas X,51,94.21398333333335,0.0392156862745098,49.0
Lil Uzi Vert,12,45.1276,0.3333333333333333,8.0
Limi,2,6.6499,0.0,2.0
Lind Erebros,21,11.524383333333333,0.5714285714285714,9.0
Lindsey Stirling,47,150.72248333333334,0.1702127659574468,39.0
Linearwave,2,0.9160166666666667,0.5,1.0
Linkin Park,30,23.660133333333334,0.7,9.000000000000002
Little Circuits,1,0.01995,1.0,0.0
Lloyd,28,56.28973333333333,0.5357142857142857,13.0
Lloyd1,1,3.972,0.0,1.0
Lo-Fox,1,0.1612166666666666,1.0,0.0
Lo-fi 2307,1,3.557983333333333,0.0,1.0
Lofi Fruits Music,2,1.6351666666666667,0.0,2.0
Lofiwaala,1,0.17635,1.0,0.0
Lord Huron,7,5.471216666666667,0.5714285714285714,3.0
Loren Allred,2,3.4699666666666666,0.5,1.0
Lost Sky,1,2.0010833333333333,0.0,1.0
Loverex,2,4.422716666666666,0.5,1.0
Loving Caliber,40,112.07345000000001,0.4,24.0
Ludvig Forssell,3,2.3194999999999997,0.6666666666666666,1.0
Lukas Graham,35,93.65756666666667,0.2,28.0
M. M. Keeravaani,68,143.84721666666667,0.6470588235294118,23.999999999999996
M. M. Keeravani,5,12.1338,0.6,2.0
MADAX,1,0.1254833333333333,1.0,0.0
MAMAMOO,59,126.04925,0.3559322033898305,38.0
MARINA,29,42.1305,0.4827586206896552,14.999999999999998
MAX,1,3.2506666666666666,0.0,1.0
MC SQUARE,1,2.7036333333333333,0.0,1.0
MM Sreelekha,40,93.74963333333334,0.55,18.0
MOB CHOIR,3,2.8607666666666667,1.0,0.0
MOMOLAND,38,79.75101666666667,0.3157894736842105,26.0
MXZI,20,27.587933333333332,0.1,18.0
Maanu,55,200.14553333333333,0.2545454545454545,41.0
Macklemore,1,2.180233333333333,1.0,0.0
Madhumitha,46,75.2756,0.717391304347826,13.000000000000002
Madilyn Bailey,11,10.246216666666667,0.6363636363636364,4.0
Madison Beer,1,0.5631666666666667,1.0,0.0
Magdalena Bay,42,124.73811666666666,0.38095238095238093,26.0
Mahakatha,1,2.1285666666666665,1.0,0.0
Mahalakshmi Iyer,76,197.81001666666668,0.631578947368421,28.000000000000004
Major Lazer,131,355.72465,0.1984732824427481,105.0
Malathi,1,0.0893333333333333,1.0,0.0
Mallikarjun,1,0.3746166666666666,1.0,0.0
Mamta Rangeeli,1,0.3095166666666666,1.0,0.0
Mamta Sharma,7,14.902933333333335,0.42857142857142855,4.0
Manan Bhardwaj,2,1.6486166666666666,1.0,0.0
Manhark,1,2.236333333333333,0.0,1.0
Mani Sharma,21,57.17555,0.6190476190476191,8.0
Manic Drive,3,0.0608333333333332,1.0,0.0
Maninder Buttar,1,0.2116,1.0,0.0
Mano,20,40.01263333333333,0.85,3.0000000000000004
Manu Pilas,2,2.4936833333333333,0.5,1.0
Marcus & Martinus,53,110.23601666666666,0.18867924528301888,43.0
Mareux,3,0.2073666666666666,1.0,0.0
Marino,11,16.7549,0.18181818181818182,9.0
Mark John Petrie,7,19.00123333333333,0.0,7.0
Mark Ronson,20,34.21746666666667,0.5,10.0
Maroon 5,1,0.1671666666666666,1.0,0.0
Marshmello,35,78.50661666666666,0.2857142857142857,25.0
Marteen,26,47.61931666666667,0.38461538461538464,16.0
Martin Ermen,4,5.412749999999999,0.0,4.0
Martin Garrix,1,3.4953333333333334,1.0,0.0
Masego,64,266.10676666666666,0.171875,53.0
Mason Ramsey,1,0.181,1.0,0.0
Matt Maeson,1,3.3793333333333333,0.0,1.0
Meditative Mind,1,26.36828333333333,0.0,1.0
Meghan Trainor,1,3.0206666666666666,0.0,1.0
Meghdeep Bose,1,0.3049666666666666,1.0,0.0
Melanie Martinez,13,24.724116666666664,0.46153846153846156,7.0
Meliona,1,1.8890166666666663,0.0,1.0
Metro Boomin,117,334.01891666666666,0.1282051282051282,102.0
Michael Jackson,38,91.53683333333333,0.4473684210526316,20.999999999999996
Mickey J. Meyer,67,208.8878,0.2835820895522388,48.00000000000001
Mickey Valen,2,3.7232333333333334,0.0,2.0
Midnight Steak,1,1.2,0.0,1.0
Migrant Motel,150,342.46916666666664,0.21333333333333335,118.0
Miguel,3,3.703683333333333,0.6666666666666666,1.0
Miley Cyrus,3,3.6933666666666665,0.3333333333333333,2.0
Mister Decaf,3,0.87425,0.6666666666666666,1.0
Mithil Chakraborty,1,2.5,0.0,1.0
Mithoon,54,75.41335000000001,0.7037037037037037,16.0
Mitraz,4,7.41735,0.5,2.0
Miyuze,83,160.71883333333332,0.24096385542168675,63.0
Mohammed Irfan,2,1.1090499999999999,0.5,1.0
Mohana Bhogaraju,4,12.985683333333334,0.25,3.0
Mohit Chauhan,72,255.02631666666665,0.3333333333333333,48.00000000000001
Montell Fish,51,137.91175,0.2549019607843137,38.0
Montello,30,52.6819,0.43333333333333335,17.0
Mother of Moons,2,3.032566666666667,0.0,2.0
Msrayray6532,1,0.0864166666666666,1.0,0.0
Muni Long,1,1.2855666666666667,1.0,0.0
Muralidar,5,9.845716666666666,0.6,2.0
Muriel Anderson,1,0.2205,1.0,0.0
MyceliumBug,1,2.7710833333333333,0.0,1.0
Måneskin,134,278.55673333333334,0.34328358208955223,88.0
N.T. Rama Rao Jr,1,4.195233333333333,0.0,1.0
NCT 127,1,1.2900666666666667,0.0,1.0
NEFFEX,1,0.3343833333333333,1.0,0.0
NIKI,2,2.043333333333333,0.5,1.0
Nakash Aziz,1,0.2054833333333333,1.0,0.0
Narendra Doddapaneni,1,1.79845,1.0,0.0
Naresh Iyer,12,19.765216666666664,0.75,3.0
Nathan Dawe,1,0.09785,1.0,0.0
Naveen,1,0.7687,1.0,0.0
Nbdy,1,3.734533333333333,0.0,1.0
Neeti Mohan,51,63.62938333333333,0.6078431372549019,20.000000000000004
Neha Bhasin,5,6.09775,0.8,0.9999999999999998
Neha Kakkar,7,21.8476,0.0,7.0
Nej,1,0.44655,1.0,0.0
Nelly Furtado,55,146.39326666666668,0.23636363636363636,42.0
Nessa Barrett,1,0.04875,1.0,0.0
New West,69,144.0883,0.30434782608695654,48.0
NewJeans,67,83.607,0.26865671641791045,49.0
Niall Horan,1,3.136233333333333,0.0,1.0
Nicholas Bonnin,16,22.06075,0.6875,5.0
Nicki Minaj,54,120.11028333333333,0.25925925925925924,40.0
Nico Collins,52,152.50918333333334,0.19230769230769232,42.0
Nico Santos,1,0.9391833333333334,0.0,1.0
Nikhil D'Souza,1,0.217,1.0,0.0
Nikhita Gandhi,2,0.8359666666666665,1.0,0.0
Nikki Vianna,1,1.4524333333333332,0.0,1.0
Nityasree,1,2.01125,1.0,0.0
Noah Cyrus,31,66.79843333333334,0.2903225806451613,22.0
Noah Kahan,1,1.52035,1.0,0.0
Nohidea,1,1.6,0.0,1.0
Nova,1,3.065333333333333,0.0,1.0
Nox Arcana,2,0.9823,0.5,1.0
OAFF,182,533.28225,0.22527472527472528,141.0
OGECHIMUSIC,1,2.10725,1.0,0.0
OZZIE,31,101.82066666666665,0.25806451612903225,23.0
Oddability,1,1.728716666666667,0.0,1.0
Ol Wallace,3,2.0755833333333333,0.6666666666666666,1.0
Oliver Tree,2,3.07065,0.5,1.0
Olivia Rodrigo,202,417.33996666666667,0.2524752475247525,151.0
Olivier Lupin,1,0.8717166666666667,1.0,0.0
Ollie MN,7,1.8016999999999996,1.0,0.0
Omido,4,7.269533333333333,0.5,2.0
Omkar,1,0.0610833333333333,1.0,0.0
One Direction,41,84.78703333333333,0.43902439024390244,23.000000000000004
OneRepublic,62,82.07115,0.5,31.0
Oscen,1,1.4580833333333334,1.0,0.0
Oxlade,13,17.84285,0.6153846153846154,5.0
PARTYNEXTDOOR,11,21.734599999999997,0.18181818181818182,9.0
PENOMECO,14,25.713216666666668,0.5,7.0
PENTAGON,1,0.0656333333333333,1.0,0.0
PLAZA,220,733.26685,0.17272727272727273,182.0
PLVTINUM,28,75.69715,0.25,21.0
PRETTYMUCH,130,354.10925,0.2230769230769231,101.0
Paal Dabba,3,5.1640999999999995,0.3333333333333333,2.0
Padmalatha,30,37.091,0.7,9.000000000000002
Palak Muchhal,65,110.7986,0.6,26.0
Palakkad Shreeram,1,0.284,1.0,0.0
Parelo,2,0.49725,1.0,0.0
Paris Paloma,41,96.13546666666667,0.43902439024390244,23.000000000000004
Paris Snow,23,46.48428333333333,0.08695652173913043,21.0
Partha Sarathy,4,5.968049999999999,0.75,1.0
Pav Dharia,5,9.775783333333333,0.4,3.0
Pawni Pandey,3,6.458233333333333,0.0,3.0
Peddapuli Eshwar,1,1.822566666666667,1.0,0.0
Pentatonix,23,30.705916666666667,0.4782608695652174,12.0
Phantogram,15,16.5766,0.6666666666666666,5.000000000000001
Phelian,3,6.324916666666667,0.3333333333333333,2.0
Pinkfong,1,0.34135,1.0,0.0
Pixies,5,1.9848833333333333,0.6,2.0
Plato,2,0.09569999999999991,1.0,0.0
Plectric,3,1.6811333333333336,0.6666666666666666,1.0
Porter Robinson,1,0.72945,0.0,1.0
Post Malone,1,0.0075833333333333,1.0,0.0
Pradeep Kumar,1,0.3215166666666667,1.0,0.0
Pranav Muniraj,1,1.4249833333333333,0.0,1.0
Prateek Kuhad,1,0.14655,1.0,0.0
Pritam,23,31.456166666666665,0.7391304347826086,6.000000000000001
Prithvi Gandharv,2,0.12865,1.0,0.0
Pritt,48,78.41831666666667,0.2708333333333333,35.0
Priya Hemesh,24,46.91636666666667,0.875,3.0
Priya Saraiya,10,28.396533333333334,0.2,8.0
QARAN,45,81.32928333333334,0.5333333333333333,21.0
Queen Naija,1,0.0685333333333333,1.0,0.0
Qumu,1,0.3475166666666666,1.0,0.0
RADWIMPS,1,0.048,1.0,0.0
ROSYE,1,0.1603333333333333,1.0,0.0
ROSÉ,18,26.002416666666665,0.5,9.0
Rabbit Mac,2,0.9484833333333333,1.0,0.0
Raftaar,52,117.17601666666665,0.21153846153846154,41.0
Rag'n'Bone Man,4,0.5253333333333331,1.0,0.0
Raghav Chaitanya,68,221.22835,0.39705882352941174,41.00000000000001
Raghu Dixit,1,4.631966666666667,0.0,1.0
Rahul Nambiar,42,133.49711666666667,0.3333333333333333,28.000000000000004
Rahul Raj,1,0.05635,1.0,0.0
Rahul Ramakrishna,1,0.5002333333333333,1.0,0.0
Rahul Sipligunj,1,0.2216333333333333,1.0,0.0
Raja Hasan,1,3.676033333333333,0.0,1.0
"Raja Hasan, Anoop Rubens, Sravani",40,52.56415,0.7,12.000000000000002
Rajesh Murugesan,1,0.4249,1.0,0.0
Rakendu Mouli,1,0.6769833333333334,1.0,0.0
Ram Miriyala,40,84.07095,0.45,22.0
Ramana Gogula,66,111.73848333333333,0.7272727272727273,18.0
Ramu,1,0.0647833333333333,1.0,0.0
Ramya Behara,29,42.23935,0.7241379310344828,8.0
Ranjith Govind,58,90.0784,0.7931034482758621,11.999999999999998
Rashid Ali,3,10.91935,0.0,3.0
Ravi Dhanraj,4,0.4380666666666666,1.0,0.0
Ray Charles,1,1.3369,1.0,0.0
Rekha Bhardwaj,32,64.74924999999999,0.3125,22.0
Ren,46,73.51886666666667,0.1956521739130435,37.0
Rhymster,18,18.98088333333333,0.5,9.0
Rihanna,46,91.1278,0.5217391304347826,22.0
Ritesh G Rao,1,0.0954333333333333,1.0,0.0
Ritviz,51,70.94338333333333,0.6470588235294118,18.0
Rival,1,1.3638833333333331,1.0,0.0
Roll Rida,22,59.13008333333334,0.36363636363636365,14.0
Roop Kumar Rathod,1,1.45925,1.0,0.0
Rosenfeld,155,373.49648333333334,0.4,93.0
Russ,102,196.12293333333332,0.22549019607843138,79.0
Ruth B.,76,230.6581833333333,0.23684210526315788,58.0
RŮDE,32,49.162933333333335,0.53125,15.0
S. Janaki,1,0.0726666666666666,1.0,0.0
S. P. Balasubrahmanyam,50,100.7627,0.68,15.999999999999998
S. P. Sailaja,1,0.67935,1.0,0.0
S.P. Charan,61,174.51168333333334,0.47540983606557374,32.0
SAINt JHN,31,71.8149,0.1935483870967742,25.0
SEVENTEEN,145,269.1704,0.47586206896551725,75.99999999999999
SHANTANU MUSIC,1,0.2782166666666666,1.0,0.0
SHAUN,2,2.6942666666666666,1.0,0.0
SINCE,11,33.296166666666664,0.36363636363636365,7.0
SPECRO,2,1.6036666666666668,1.0,0.0
Sabrina Carpenter,1,1.5583166666666666,0.0,1.0
Sachet Tandon,6,17.415566666666667,0.16666666666666666,5.0
Sachin-Jigar,96,251.80325,0.3854166666666667,58.99999999999999
Sadhana Sargam,3,1.7928833333333332,1.0,0.0
Sagar,15,8.290516666666667,0.9333333333333333,0.9999999999999998
Sai Abhyankkar,63,152.11913333333334,0.42857142857142855,36.0
Saib,1,1.6666,0.0,1.0
Saketh Naidu,1,0.0091833333333333,1.0,0.0
Salim–Sulaiman,6,16.57375,0.3333333333333333,4.0
Saloni,16,21.399966666666664,0.75,4.0
Salt Of The Sound,5,9.61765,0.2,4.0
Sam C.S.,133,370.3890666666666,0.46616541353383456,71.0
Sam Smith,3,3.5867333333333336,1.0,0.0
Sam Tinnesz,98,224.87326666666667,0.20408163265306123,78.0
Sameera Bharadwaj,1,0.1291666666666666,1.0,0.0
Sanam,1,0.4552333333333333,1.0,0.0
Sandeep Chowta,38,95.29973333333334,0.42105263157894735,22.0
Sandy Marton,1,0.0284166666666666,1.0,0.0
Sanjay Leela Bhansali,75,170.47151666666667,0.49333333333333335,37.99999999999999
Santhosh Narayanan,207,474.79729999999995,0.3864734299516908,127.00000000000001
Sarah Cothran,17,15.572433333333333,0.7058823529411765,4.999999999999999
Sasha Alex Sloan,17,25.711533333333332,0.5882352941176471,7.0
Sathyaprakash,33,75.20653333333333,0.42424242424242425,18.999999999999996
Satsuto,1,1.1294,0.0,1.0
ScHoolboy Q,10,12.708583333333333,0.8,1.9999999999999996
Seafret,38,100.50139999999999,0.23684210526315788,29.0
Sean Paul,5,11.047699999999999,0.4,3.0
Selena Gomez,275,666.8693333333333,0.28,198.0
Selena Gomez & The Scene,1,0.0541666666666666,1.0,0.0
Sensitize,3,4.478616666666667,0.6666666666666666,1.0
Serena,4,5.89265,0.75,1.0
Shaan,4,1.4740666666666666,1.0,0.0
Shaarib Toshi,1,0.0343666666666666,1.0,0.0
Shabir Sulthan,1,0.1431666666666666,1.0,0.0
Shaboozey,1,0.6355333333333333,1.0,0.0
Shae Gill,25,28.26815,0.84,4.000000000000001
Shah,79,249.99943333333334,0.20253164556962025,63.0
Shail Hada,15,59.27718333333333,0.06666666666666667,14.0
Shaker,1,2.5752166666666665,0.0,1.0
Shakthisree Gopalan,95,258.3306166666667,0.3684210526315789,60.0
Shankar Mahadevan,8,26.02583333333333,0.625,3.0
Shankar-Ehsaan-Loy,61,59.78123333333333,0.8032786885245902,12.0
Shankarr Babu Kandukoori,1,4.11895,0.0,1.0
Shawn Mendes,149,365.3177166666666,0.2214765100671141,116.0
Sheila's Disciples,1,0.1617833333333333,1.0,0.0
Shekar Chandra,12,31.1813,0.4166666666666667,6.999999999999999
Shekhar Ravjiani,1,2.913183333333333,1.0,0.0
Shilpa Rao,58,161.2262,0.27586206896551724,42.0
Shreea Kaul,1,0.2011666666666666,1.0,0.0
Shreya Ghoshal,10,15.830683333333335,0.7,3.0000000000000004
Shruti Pathak,22,67.54231666666666,0.22727272727272727,17.0
Shuba,65,149.2763833333333,0.27692307692307694,47.0
Shubh,25,35.9664,0.64,9.0
Shy Glizzy,14,32.95211666666667,0.2857142857142857,10.0
Sickick,43,122.85686666666666,0.5581395348837209,19.0
Sid Sriram,315,815.4024333333333,0.4380952380952381,177.0
Siddharth,4,2.4123666666666663,1.0,0.0
Siddharth Mahadevan,96,260.4925666666667,0.4583333333333333,52.00000000000001
Siddharth Pandit,43,118.83845,0.4418604651162791,24.0
Silambarasan TR,138,495.73926666666665,0.42028985507246375,80.0
Silent Ocean,3,4.541183333333334,0.6666666666666666,1.0
Sindhuri,1,4.13555,0.0,1.0
Sista Prod,2,0.7315333333333334,1.0,0.0
Sivam,1,0.2749,1.0,0.0
Six Dior,37,81.46195,0.4864864864864865,19.0
Sleepy Cat,5,12.125916666666665,0.0,5.0
Smyang Piano,22,33.835633333333334,0.13636363636363635,19.0
Sohail Sen,33,59.397866666666665,0.696969696969697,9.999999999999998
Some Guy I Know,1,0.0980833333333333,1.0,0.0
Sona Mohapatra,4,8.8652,0.5,2.0
Sonu Nigam,1,4.9394,0.0,1.0
Sooraj Santhosh,1,0.0676333333333333,1.0,0.0
Sooranna,11,17.879316666666668,0.6363636363636364,4.0
Soujanya Bhagavatula,1,0.5021666666666667,1.0,0.0
Soulja Boy,63,79.24146666666667,0.3492063492063492,41.0
Soulone Beats,3,6.011083333333333,0.3333333333333333,2.0
Souumil,1,0.0725833333333333,1.0,0.0
Souumil Shringarpure,29,18.59745,0.8620689655172413,4.000000000000002
Space Invader,1,0.77375,0.0,1.0
Sreenidhi,2,0.6497499999999999,1.0,0.0
Sreenidhi Tirumala,1,0.0355166666666666,1.0,0.0
Sreenivos,1,0.2948333333333333,1.0,0.0
Sri Krishna,1,0.4021,1.0,0.0
Sricharan Pakala,119,319.79668333333336,0.226890756302521,92.0
Srinidhi Venkatesh,1,0.26645,1.0,0.0
Srinivas,40,60.218999999999994,0.75,10.0
Sriram Parthasarathy,2,0.23889999999999992,1.0,0.0
Srushti Tawade,1,1.1389333333333334,0.0,1.0
Stan & Sam,1,1.3093,1.0,0.0
StarBoi3,37,71.32948333333333,0.43243243243243246,21.0
Starla Edney,1,1.0964833333333333,1.0,0.0
Stavya Kaila,31,24.137516666666667,0.8709677419354839,4.0
Steelix NEW,13,14.026466666666666,0.7692307692307693,2.9999999999999996
Stephen Sanchez,1,1.75495,1.0,0.0
Steve Aoki,21,47.099916666666665,0.2857142857142857,15.0
Stileto,58,129.23463333333333,0.1724137931034483,48.0
Stray Kids,480,881.88005,0.4041666666666667,286.0
Su-Zuum,2,3.9545333333333335,0.0,2.0
Suave Lee,1,1.9388333333333332,1.0,0.0
Sub Urban,85,195.52348333333333,0.23529411764705882,65.0
Suchitra,63,170.28171666666668,0.36507936507936506,40.0
Suga,1,0.127,1.0,0.0
Sukhwinder Singh,70,174.48781666666667,0.6285714285714286,26.0
Sultaan,1,1.49375,1.0,0.0
Suman Sridhar,3,9.895700000000001,0.0,3.0
Sumangaly,1,0.6212333333333333,1.0,0.0
Summer Walker,2,6.648,0.0,2.0
Sunder Chandran,52,132.48866666666666,0.11538461538461539,46.0
Suneetha,1,0.6240166666666667,1.0,0.0
Sunitha,1,0.6481333333333333,1.0,0.0
"Sunitha, Suzanne",1,1.28325,1.0,0.0
SuperM,4,12.382100000000001,0.25,3.0
Suriel Hess,1,3.0113,0.0,1.0
Swae Lee,1,0.0270333333333333,1.0,0.0
Swarnalatha,1,0.2023333333333333,1.0,0.0
TAEYANG,29,71.69468333333333,0.13793103448275862,25.0
THE ANXIETY,7,9.933383333333332,0.42857142857142855,4.0
TOBACCO,28,47.108216666666664,0.42857142857142855,16.0
TOMORROW X TOGETHER,1497,3416.2080499999997,0.2859051436205745,1069.0
TXKUMOON,28,51.13405,0.4642857142857143,15.0
Taaruk Raina,54,82.99243333333334,0.5740740740740741,23.0
Tai Verdes,1,0.5032833333333333,0.0,1.0
Taimour Baig,6,14.715283333333334,0.3333333333333333,4.0
Taio Cruz,1,0.0128666666666666,1.0,0.0
Talha Anjum,135,356.47198333333336,0.4,81.0
Tanishk Bagchi,60,109.76061666666666,0.5333333333333333,28.0
Tate McRae,186,456.10656666666665,0.15591397849462366,157.0
Taylor Swift,725,1808.9273333333333,0.32,492.99999999999994
Tesher,65,171.86713333333333,0.26153846153846155,48.0
Thalapathy Vijay,5,5.518349999999999,0.8,0.9999999999999998
Thaman S,56,69.9422,0.7678571428571429,12.999999999999996
The Chainsmokers,40,132.86766666666665,0.1,36.0
The Kid LAROI,23,34.873016666666665,0.30434782608695654,16.0
The Local Train,5,6.0226999999999995,0.8,0.9999999999999998
The Neighbourhood,285,912.03155,0.24210526315789474,216.0
The PropheC,46,104.56753333333333,0.45652173913043476,25.0
The Weeknd,321,885.6407166666667,0.3925233644859813,195.0
The Yellow Diary,1,1.0921,1.0,0.0
Thomas LaRosa,22,60.58351666666666,0.36363636363636365,14.0
Thoshi,1,0.29925,1.0,0.0
Thousand Giants,2,4.883633333333334,0.0,2.0
Tiger JK,14,20.238816666666665,0.7142857142857143,4.0
Tini Mc,1,0.8126833333333333,1.0,0.0
Tink,17,11.275633333333333,0.8235294117647058,3.000000000000001
Tippu,6,17.305666666666667,0.3333333333333333,4.0
Todd Baker,5,3.8451666666666666,0.6,2.0
Tom Cardy,2,7.425800000000001,0.5,1.0
Tom Grennan,3,3.7746166666666667,0.6666666666666666,1.0
Tones And I,31,67.2039,0.25806451612903225,23.0
Tony Kakkar,6,10.892016666666667,0.3333333333333333,4.0
Torin Borrowdale,6,13.320666666666666,0.0,6.0
Tory Lanez,1,2.2722166666666666,0.0,1.0
Tove Lo,60,147.37595000000002,0.36666666666666664,38.0
Trav,2,0.2971499999999999,1.0,0.0
Travis Porter,1,2.8831166666666665,0.0,1.0
Travis Scott,3,3.5462499999999997,0.6666666666666666,1.0
Trevor Daniel,37,76.67473333333334,0.1891891891891892,29.999999999999996
Trippie Redd,1,1.9330833333333333,0.0,1.0
Troye Sivan,39,71.37108333333333,0.46153846153846156,21.0
Tulus,2,4.218216666666667,0.5,1.0
Twenty One Pilots,110,296.80986666666666,0.13636363636363635,95.0
Two Feet,4,9.94885,0.5,2.0
Ty Phong,2,3.4139999999999997,0.0,2.0
"Tyler, The Creator",10,17.613433333333333,0.6,4.0
UK Rapi Boy,3,5.3430333333333335,0.3333333333333333,2.0
UNDREAM,1,0.0991333333333333,1.0,0.0
UNIYAL,21,28.794516666666667,0.38095238095238093,13.0
UPSAHL,24,39.572383333333335,0.375,15.0
Udit Narayan,28,31.038816666666666,0.8928571428571429,2.9999999999999987
Umair,118,304.13531666666665,0.2627118644067797,87.0
Universo,1,0.02375,1.0,0.0
Unknown Brain,46,149.64905,0.08695652173913043,42.0
Unni Menon,1,0.1890166666666666,1.0,0.0
Unnikrishnan,3,1.3405333333333331,1.0,0.0
Until The Ribbon Breaks,2,8.4755,0.0,2.0
V,3,11.509783333333333,0.0,3.0
VIBIE,3,9.109766666666667,0.3333333333333333,2.0
VIC MENSA,1,0.6316,0.0,1.0
Vasundhra Raj,52,142.85356666666667,0.36538461538461536,33.0
Ved Sharma,1,0.6608333333333334,1.0,0.0
Venkatesh,58,120.56871666666666,0.29310344827586204,41.0
Venu,1,0.4671,1.0,0.0
Vibe2Vibe,28,77.38443333333333,0.21428571428571427,22.0
Victorious Cast,1,0.5272333333333333,0.0,1.0
Vidya Vox,73,220.69751666666664,0.1506849315068493,62.00000000000001
Vijai Bulganin,1,2.9816,1.0,0.0
Vijay,2,0.9609666666666667,1.0,0.0
Vijay Antony,6,10.673116666666667,0.5,3.0
"Vijay Antony, Janaki Iyer, Emcee Jesz",17,51.469233333333335,0.5294117647058824,8.0
Vijay Prakash,25,32.6205,0.84,4.000000000000001
Vilen,2,0.13005,1.0,0.0
Vishal Chandrashekhar,4,2.8750166666666663,1.0,0.0
Vishal Dadlani,116,311.70005,0.4396551724137931,65.0
Vishal Mishra,3,5.836233333333333,0.6666666666666666,1.0
Vishal-Shekhar,114,353.18835,0.2894736842105263,81.0
Vladish,3,1.3073333333333332,0.6666666666666666,1.0
Vrushabh Kathale,4,13.695533333333334,0.25,3.0
WILLOW,9,13.543316666666666,0.5555555555555556,4.0
Wafia,101,286.63233333333335,0.12871287128712872,88.0
Whales,3,2.0113333333333334,0.6666666666666666,1.0
WhiteBuffs,1,0.709,0.0,1.0
Why Don't We,45,114.78901666666667,0.2222222222222222,35.0
Wänderlost,11,16.822133333333333,0.09090909090909091,10.0
X V I,2,3.5943,0.5,1.0
XXKATUSJINSUX,16,12.490533333333333,0.5,8.0
XXXTENTACION,2,0.38136666666666663,1.0,0.0
Xan Griffin,3,4.694416666666667,0.0,3.0
Xanemusic,10,23.253966666666667,0.2,8.0
YC Banks,1,1.23935,1.0,0.0
YOUNGTAK,2,0.42866666666666664,1.0,0.0
Yagih Mael,5,5.080916666666667,0.6,2.0
Yash Narvekar,1,2.935416666666667,0.0,1.0
Yawar Abdal,1,0.9753333333333334,1.0,0.0
Yazin Nizar,11,18.64603333333333,0.8181818181818182,1.9999999999999996
"Yazin Nizar, Lipsika",4,2.42065,0.75,1.0
"Yazin Nizar, Pranavi",1,1.6348833333333332,1.0,0.0
Ylvis,2,1.5672,1.0,0.0
Yo Yo Honey Singh,225,529.22285,0.39555555555555555,136.0
Yokomeshi,15,14.070183333333333,0.4666666666666667,8.0
You Forever,2,3.7210833333333335,0.0,2.0
Young Slo-Be,9,6.792116666666666,0.6666666666666666,3.0000000000000004
Young Stunners,1,4.07115,1.0,0.0
Yu-Peng Chen,4,4.071266666666666,0.5,2.0
Yuvan Shankar Raja,243,537.8939666666666,0.6213991769547325,92.00000000000001
ZAYN,40,71.55839999999999,0.55,18.0
ZICO,1,0.3053333333333333,1.0,0.0
Zach Seabaugh,11,8.8346,0.7272727272727273,3.0
Zack Knight,76,164.98028333333332,0.5,38.0
Zara Larsson,29,80.28033333333333,0.20689655172413793,23.0
Zayde Wølf,2,4.845783333333333,0.5,1.0
a girl and a cat,2,0.7312333333333332,1.0,0.0
aUra Lu,1,1.6420333333333332,0.0,1.0
accelerate,200,326.5662166666667,0.14,172.0
an/tunes,2,0.5323499999999999,1.0,0.0
bax iv,1,0.7510166666666667,1.0,0.0
bbno$,1,1.4996166666666666,1.0,0.0
blackbear,86,259.87718333333333,0.20930232558139536,68.0
digV,2,1.0185666666666668,1.0,0.0
eevee,2,3.41255,0.0,2.0
egethevac,1,0.1346333333333333,1.0,0.0
fam0uz,1,3.3523666666666667,0.0,1.0
fr4me Archive,3,1.6245333333333334,0.6666666666666666,1.0
framed,2,2.0922666666666667,0.5,1.0
frxzen,4,12.080083333333333,0.25,3.0
fun.,2,4.1897166666666665,0.5,1.0
gamuri shun,2,1.8053833333333336,0.5,1.0
gnash,47,111.33866666666667,0.425531914893617,27.000000000000004
grandson,1,0.2553,1.0,0.0
iKON,4,13.967033333333333,0.0,4.0
inc1603777,4,6.732866666666666,0.5,2.0
insømnia,1,0.57,0.0,1.0
j-hope,50,133.26623333333333,0.14,43.0
keshxrd,3,6.05735,0.6666666666666666,1.0
kuroneko,1,1.8272333333333333,0.0,1.0
luvbyrd,1,0.2699,1.0,0.0
mj apanay,39,118.8377,0.1282051282051282,34.0
neverwaves,59,177.75313333333332,0.06779661016949153,55.0
noevdv,1,0.4764333333333333,1.0,0.0
nur,1,0.0659166666666666,1.0,0.0
onve,1,1.55145,1.0,0.0
owlh,1,0.3262,1.0,0.0
pearl,23,34.61881666666667,0.6086956521739131,9.0
poorasike,4,8.93135,0.25,3.0
sad ezra,6,15.032166666666667,0.0,6.0
squeeda,3,6.8103,0.0,3.0
sufr,11,32.37218333333333,0.0,11.0
tnbee,6,11.19135,0.6666666666666666,2.0
vlows,1,0.7196166666666667,0.0,1.0
why mona,47,109.14328333333333,0.2127659574468085,37.0
wolf.cryman,1,2.1113,1.0,0.0
zandros,8,13.97485,0.375,5.0
¥$,12,13.523133333333332,0.9166666666666666,1.0000000000000004
Ólafur Arnalds,2,8.836616666666666,0.0,2.0
Øfdream,1,3.49295,0.0,1.0
фрози,7,8.992883333333333,0.7142857142857143,2.0
로피 뮤직,2,6.964933333333334,0.0,2.0
